Offer,Total Cost of Loan,Down Payment,Principle,Rate,Down Payment: Percent of Total Offer,Monthly Payment,25% Total Cost of Loan,30% Total Cost of Loan,25% of Total Monthly Payment,30% of Total Monthly Payment,25% of Down Payment,30% of Down Payment,Rent 1,Rent 2,Rent 3,25% Payment - 25% Rent 1,30% Payment - 30% Rent 1,25% Payment - 25% Rent 2,30% Payment - 30% Rent 2,25% Payment - 25% Rent 3,30% Payment - 30 % Rent 3
825000,645550.4734570738,400000,425000,0.06,0.48484848484848486,3586.3915192059653,161387.61836426845,193665.14203712213,896.5978798014913,1075.9174557617896,100000.0,120000.0,5000,6000,7000,584.0978798014913,625.9174557617896,521.5978798014913,535.9174557617896,459.09787980149133,445.9174557617896
800000,645550.4734570738,375000,425000,0.06,0.46875,3586.3915192059653,161387.61836426845,193665.14203712213,896.5978798014913,1075.9174557617896,93750.0,112500.0,5000,6000,7000,584.0978798014913,625.9174557617896,521.5978798014913,535.9174557617896,459.09787980149133,445.9174557617896
775000,645550.4734570738,350000,425000,0.06,0.45161290322580644,3586.3915192059653,161387.61836426845,193665.14203712213,896.5978798014913,1075.9174557617896,87500.0,105000.0,5000,6000,7000,584.0978798014913,625.9174557617896,521.5978798014913,535.9174557617896,459.09787980149133,445.9174557617896
750000,645550.4734570738,325000,425000,0.06,0.43333333333333335,3586.3915192059653,161387.61836426845,193665.14203712213,896.5978798014913,1075.9174557617896,81250.0,97500.0,5000,6000,7000,584.0978798014913,625.9174557617896,521.5978798014913,535.9174557617896,459.09787980149133,445.9174557617896
725000,645550.4734570738,300000,425000,0.06,0.41379310344827586,3586.3915192059653,161387.61836426845,193665.14203712213,896.5978798014913,1075.9174557617896,75000.0,90000.0,5000,6000,7000,584.0978798014913,625.9174557617896,521.5978798014913,535.9174557617896,459.09787980149133,445.9174557617896
825000,666397.1344524847,400000,425000,0.065,0.48484848484848486,3702.2063025138036,166599.28361312117,199919.14033574538,925.5515756284509,1110.661890754141,100000.0,120000.0,5000,6000,7000,613.0515756284509,660.661890754141,550.5515756284509,570.661890754141,488.0515756284509,480.66189075414104
800000,666397.1344524847,375000,425000,0.065,0.46875,3702.2063025138036,166599.28361312117,199919.14033574538,925.5515756284509,1110.661890754141,93750.0,112500.0,5000,6000,7000,613.0515756284509,660.661890754141,550.5515756284509,570.661890754141,488.0515756284509,480.66189075414104
775000,666397.1344524847,350000,425000,0.065,0.45161290322580644,3702.2063025138036,166599.28361312117,199919.14033574538,925.5515756284509,1110.661890754141,87500.0,105000.0,5000,6000,7000,613.0515756284509,660.661890754141,550.5515756284509,570.661890754141,488.0515756284509,480.66189075414104
750000,666397.1344524847,325000,425000,0.065,0.43333333333333335,3702.2063025138036,166599.28361312117,199919.14033574538,925.5515756284509,1110.661890754141,81250.0,97500.0,5000,6000,7000,613.0515756284509,660.661890754141,550.5515756284509,570.661890754141,488.0515756284509,480.66189075414104
725000,666397.1344524847,300000,425000,0.065,0.41379310344827586,3702.2063025138036,166599.28361312117,199919.14033574538,925.5515756284509,1110.661890754141,75000.0,90000.0,5000,6000,7000,613.0515756284509,660.661890754141,550.5515756284509,570.661890754141,488.0515756284509,480.66189075414104
825000,687603.627202105,400000,425000,0.07,0.48484848484848486,3820.0201511228056,171900.90680052625,206281.0881606315,955.0050377807014,1146.0060453368417,100000.0,120000.0,5000,6000,7000,642.5050377807014,696.0060453368417,580.0050377807014,606.0060453368417,517.5050377807014,516.0060453368417
800000,687603.627202105,375000,425000,0.07,0.46875,3820.0201511228056,171900.90680052625,206281.0881606315,955.0050377807014,1146.0060453368417,93750.0,112500.0,5000,6000,7000,642.5050377807014,696.0060453368417,580.0050377807014,606.0060453368417,517.5050377807014,516.0060453368417
775000,687603.627202105,350000,425000,0.07,0.45161290322580644,3820.0201511228056,171900.90680052625,206281.0881606315,955.0050377807014,1146.0060453368417,87500.0,105000.0,5000,6000,7000,642.5050377807014,696.0060453368417,580.0050377807014,606.0060453368417,517.5050377807014,516.0060453368417
750000,687603.627202105,325000,425000,0.07,0.43333333333333335,3820.0201511228056,171900.90680052625,206281.0881606315,955.0050377807014,1146.0060453368417,81250.0,97500.0,5000,6000,7000,642.5050377807014,696.0060453368417,580.0050377807014,606.0060453368417,517.5050377807014,516.0060453368417
725000,687603.627202105,300000,425000,0.07,0.41379310344827586,3820.0201511228056,171900.90680052625,206281.0881606315,955.0050377807014,1146.0060453368417,75000.0,90000.0,5000,6000,7000,642.5050377807014,696.0060453368417,580.0050377807014,606.0060453368417,517.5050377807014,516.0060453368417
825000,709164.4554020892,400000,425000,0.075,0.48484848484848486,3939.8025300116064,177291.1138505223,212749.33662062674,984.9506325029016,1181.9407590034818,100000.0,120000.0,5000,6000,7000,672.4506325029016,731.940759003482,609.9506325029016,641.940759003482,547.4506325029016,551.940759003482
800000,709164.4554020892,375000,425000,0.075,0.46875,3939.8025300116064,177291.1138505223,212749.33662062674,984.9506325029016,1181.9407590034818,93750.0,112500.0,5000,6000,7000,672.4506325029016,731.940759003482,609.9506325029016,641.940759003482,547.4506325029016,551.940759003482
775000,709164.4554020892,350000,425000,0.075,0.45161290322580644,3939.8025300116064,177291.1138505223,212749.33662062674,984.9506325029016,1181.9407590034818,87500.0,105000.0,5000,6000,7000,672.4506325029016,731.940759003482,609.9506325029016,641.940759003482,547.4506325029016,551.940759003482
750000,709164.4554020892,325000,425000,0.075,0.43333333333333335,3939.8025300116064,177291.1138505223,212749.33662062674,984.9506325029016,1181.9407590034818,81250.0,97500.0,5000,6000,7000,672.4506325029016,731.940759003482,609.9506325029016,641.940759003482,547.4506325029016,551.940759003482
725000,709164.4554020892,300000,425000,0.075,0.41379310344827586,3939.8025300116064,177291.1138505223,212749.33662062674,984.9506325029016,1181.9407590034818,75000.0,90000.0,5000,6000,7000,672.4506325029016,731.940759003482,609.9506325029016,641.940759003482,547.4506325029016,551.940759003482
850000,683524.0307192545,400000,450000,0.06,0.47058823529411764,3797.3557262180807,170881.00767981363,205057.20921577635,949.3389315545202,1139.2067178654243,100000.0,120000.0,5000,6000,7000,636.8389315545202,689.2067178654241,574.3389315545202,599.2067178654241,511.8389315545202,509.2067178654242
825000,683524.0307192545,375000,450000,0.06,0.45454545454545453,3797.3557262180807,170881.00767981363,205057.20921577635,949.3389315545202,1139.2067178654243,93750.0,112500.0,5000,6000,7000,636.8389315545202,689.2067178654241,574.3389315545202,599.2067178654241,511.8389315545202,509.2067178654242
800000,683524.0307192545,350000,450000,0.06,0.4375,3797.3557262180807,170881.00767981363,205057.20921577635,949.3389315545202,1139.2067178654243,87500.0,105000.0,5000,6000,7000,636.8389315545202,689.2067178654241,574.3389315545202,599.2067178654241,511.8389315545202,509.2067178654242
775000,683524.0307192545,325000,450000,0.06,0.41935483870967744,3797.3557262180807,170881.00767981363,205057.20921577635,949.3389315545202,1139.2067178654243,81250.0,97500.0,5000,6000,7000,636.8389315545202,689.2067178654241,574.3389315545202,599.2067178654241,511.8389315545202,509.2067178654242
750000,683524.0307192545,300000,450000,0.06,0.4,3797.3557262180807,170881.00767981363,205057.20921577635,949.3389315545202,1139.2067178654243,75000.0,90000.0,5000,6000,7000,636.8389315545202,689.2067178654241,574.3389315545202,599.2067178654241,511.8389315545202,509.2067178654242
850000,705596.9658908661,400000,450000,0.065,0.47058823529411764,3919.983143838145,176399.24147271653,211679.08976725984,979.9957859595363,1175.9949431514435,100000.0,120000.0,5000,6000,7000,667.4957859595363,725.9949431514435,604.9957859595363,635.9949431514435,542.4957859595363,545.9949431514435
825000,705596.9658908661,375000,450000,0.065,0.45454545454545453,3919.983143838145,176399.24147271653,211679.08976725984,979.9957859595363,1175.9949431514435,93750.0,112500.0,5000,6000,7000,667.4957859595363,725.9949431514435,604.9957859595363,635.9949431514435,542.4957859595363,545.9949431514435
800000,705596.9658908661,350000,450000,0.065,0.4375,3919.983143838145,176399.24147271653,211679.08976725984,979.9957859595363,1175.9949431514435,87500.0,105000.0,5000,6000,7000,667.4957859595363,725.9949431514435,604.9957859595363,635.9949431514435,542.4957859595363,545.9949431514435
775000,705596.9658908661,325000,450000,0.065,0.41935483870967744,3919.983143838145,176399.24147271653,211679.08976725984,979.9957859595363,1175.9949431514435,81250.0,97500.0,5000,6000,7000,667.4957859595363,725.9949431514435,604.9957859595363,635.9949431514435,542.4957859595363,545.9949431514435
750000,705596.9658908661,300000,450000,0.065,0.4,3919.983143838145,176399.24147271653,211679.08976725984,979.9957859595363,1175.9949431514435,75000.0,90000.0,5000,6000,7000,667.4957859595363,725.9949431514435,604.9957859595363,635.9949431514435,542.4957859595363,545.9949431514435
850000,728050.8993904641,400000,450000,0.07,0.47058823529411764,4044.7272188359116,182012.72484761602,218415.26981713923,1011.1818047089779,1213.4181656507735,100000.0,120000.0,5000,6000,7000,698.6818047089779,763.4181656507734,636.1818047089779,673.4181656507734,573.6818047089779,583.4181656507734
825000,728050.8993904641,375000,450000,0.07,0.45454545454545453,4044.7272188359116,182012.72484761602,218415.26981713923,1011.1818047089779,1213.4181656507735,93750.0,112500.0,5000,6000,7000,698.6818047089779,763.4181656507734,636.1818047089779,673.4181656507734,573.6818047089779,583.4181656507734
800000,728050.8993904641,350000,450000,0.07,0.4375,4044.7272188359116,182012.72484761602,218415.26981713923,1011.1818047089779,1213.4181656507735,87500.0,105000.0,5000,6000,7000,698.6818047089779,763.4181656507734,636.1818047089779,673.4181656507734,573.6818047089779,583.4181656507734
775000,728050.8993904641,325000,450000,0.07,0.41935483870967744,4044.7272188359116,182012.72484761602,218415.26981713923,1011.1818047089779,1213.4181656507735,81250.0,97500.0,5000,6000,7000,698.6818047089779,763.4181656507734,636.1818047089779,673.4181656507734,573.6818047089779,583.4181656507734
750000,728050.8993904641,300000,450000,0.07,0.4,4044.7272188359116,182012.72484761602,218415.26981713923,1011.1818047089779,1213.4181656507735,75000.0,90000.0,5000,6000,7000,698.6818047089779,763.4181656507734,636.1818047089779,673.4181656507734,573.6818047089779,583.4181656507734
850000,750880.0116022121,400000,450000,0.075,0.47058823529411764,4171.555620012289,187720.00290055302,225264.0034806636,1042.8889050030723,1251.4666860036866,100000.0,120000.0,5000,6000,7000,730.3889050030723,801.4666860036867,667.8889050030723,711.4666860036867,605.3889050030723,621.4666860036867
825000,750880.0116022121,375000,450000,0.075,0.45454545454545453,4171.555620012289,187720.00290055302,225264.0034806636,1042.8889050030723,1251.4666860036866,93750.0,112500.0,5000,6000,7000,730.3889050030723,801.4666860036867,667.8889050030723,711.4666860036867,605.3889050030723,621.4666860036867
800000,750880.0116022121,350000,450000,0.075,0.4375,4171.555620012289,187720.00290055302,225264.0034806636,1042.8889050030723,1251.4666860036866,87500.0,105000.0,5000,6000,7000,730.3889050030723,801.4666860036867,667.8889050030723,711.4666860036867,605.3889050030723,621.4666860036867
775000,750880.0116022121,325000,450000,0.075,0.41935483870967744,4171.555620012289,187720.00290055302,225264.0034806636,1042.8889050030723,1251.4666860036866,81250.0,97500.0,5000,6000,7000,730.3889050030723,801.4666860036867,667.8889050030723,711.4666860036867,605.3889050030723,621.4666860036867
750000,750880.0116022121,300000,450000,0.075,0.4,4171.555620012289,187720.00290055302,225264.0034806636,1042.8889050030723,1251.4666860036866,75000.0,90000.0,5000,6000,7000,730.3889050030723,801.4666860036867,667.8889050030723,711.4666860036867,605.3889050030723,621.4666860036867
875000,721497.5879814354,400000,475000,0.06,0.45714285714285713,4008.3199332301965,180374.39699535884,216449.2763944306,1002.0799833075491,1202.495979969059,100000.0,120000.0,5000,6000,7000,689.5799833075491,752.4959799690589,627.0799833075491,662.4959799690589,564.5799833075491,572.4959799690589
850000,721497.5879814354,375000,475000,0.06,0.4411764705882353,4008.3199332301965,180374.39699535884,216449.2763944306,1002.0799833075491,1202.495979969059,93750.0,112500.0,5000,6000,7000,689.5799833075491,752.4959799690589,627.0799833075491,662.4959799690589,564.5799833075491,572.4959799690589
825000,721497.5879814354,350000,475000,0.06,0.42424242424242425,4008.3199332301965,180374.39699535884,216449.2763944306,1002.0799833075491,1202.495979969059,87500.0,105000.0,5000,6000,7000,689.5799833075491,752.4959799690589,627.0799833075491,662.4959799690589,564.5799833075491,572.4959799690589
800000,721497.5879814354,325000,475000,0.06,0.40625,4008.3199332301965,180374.39699535884,216449.2763944306,1002.0799833075491,1202.495979969059,81250.0,97500.0,5000,6000,7000,689.5799833075491,752.4959799690589,627.0799833075491,662.4959799690589,564.5799833075491,572.4959799690589
775000,721497.5879814354,300000,475000,0.06,0.3870967741935484,4008.3199332301965,180374.39699535884,216449.2763944306,1002.0799833075491,1202.495979969059,75000.0,90000.0,5000,6000,7000,689.5799833075491,752.4959799690589,627.0799833075491,662.4959799690589,564.5799833075491,572.4959799690589
875000,744796.7973292476,400000,475000,0.065,0.45714285714285713,4137.759985162486,186199.1993323119,223439.03919877426,1034.4399962906216,1241.3279955487458,100000.0,120000.0,5000,6000,7000,721.9399962906216,791.3279955487459,659.4399962906216,701.3279955487459,596.9399962906216,611.3279955487459
850000,744796.7973292476,375000,475000,0.065,0.4411764705882353,4137.759985162486,186199.1993323119,223439.03919877426,1034.4399962906216,1241.3279955487458,93750.0,112500.0,5000,6000,7000,721.9399962906216,791.3279955487459,659.4399962906216,701.3279955487459,596.9399962906216,611.3279955487459
825000,744796.7973292476,350000,475000,0.065,0.42424242424242425,4137.759985162486,186199.1993323119,223439.03919877426,1034.4399962906216,1241.3279955487458,87500.0,105000.0,5000,6000,7000,721.9399962906216,791.3279955487459,659.4399962906216,701.3279955487459,596.9399962906216,611.3279955487459
800000,744796.7973292476,325000,475000,0.065,0.40625,4137.759985162486,186199.1993323119,223439.03919877426,1034.4399962906216,1241.3279955487458,81250.0,97500.0,5000,6000,7000,721.9399962906216,791.3279955487459,659.4399962906216,701.3279955487459,596.9399962906216,611.3279955487459
775000,744796.7973292476,300000,475000,0.065,0.3870967741935484,4137.759985162486,186199.1993323119,223439.03919877426,1034.4399962906216,1241.3279955487458,75000.0,90000.0,5000,6000,7000,721.9399962906216,791.3279955487459,659.4399962906216,701.3279955487459,596.9399962906216,611.3279955487459
875000,768498.1715788232,400000,475000,0.07,0.45714285714285713,4269.434286549018,192124.5428947058,230549.45147364697,1067.3585716372545,1280.8302859647054,100000.0,120000.0,5000,6000,7000,754.8585716372545,830.8302859647054,692.3585716372545,740.8302859647054,629.8585716372545,650.8302859647054
850000,768498.1715788232,375000,475000,0.07,0.4411764705882353,4269.434286549018,192124.5428947058,230549.45147364697,1067.3585716372545,1280.8302859647054,93750.0,112500.0,5000,6000,7000,754.8585716372545,830.8302859647054,692.3585716372545,740.8302859647054,629.8585716372545,650.8302859647054
825000,768498.1715788232,350000,475000,0.07,0.42424242424242425,4269.434286549018,192124.5428947058,230549.45147364697,1067.3585716372545,1280.8302859647054,87500.0,105000.0,5000,6000,7000,754.8585716372545,830.8302859647054,692.3585716372545,740.8302859647054,629.8585716372545,650.8302859647054
800000,768498.1715788232,325000,475000,0.07,0.40625,4269.434286549018,192124.5428947058,230549.45147364697,1067.3585716372545,1280.8302859647054,81250.0,97500.0,5000,6000,7000,754.8585716372545,830.8302859647054,692.3585716372545,740.8302859647054,629.8585716372545,650.8302859647054
775000,768498.1715788232,300000,475000,0.07,0.3870967741935484,4269.434286549018,192124.5428947058,230549.45147364697,1067.3585716372545,1280.8302859647054,75000.0,90000.0,5000,6000,7000,754.8585716372545,830.8302859647054,692.3585716372545,740.8302859647054,629.8585716372545,650.8302859647054
875000,792595.5678023349,400000,475000,0.075,0.45714285714285713,4403.3087100129715,198148.89195058373,237778.67034070045,1100.8271775032429,1320.9926130038914,100000.0,120000.0,5000,6000,7000,788.3271775032429,870.9926130038914,725.8271775032429,780.9926130038914,663.3271775032429,690.9926130038914
850000,792595.5678023349,375000,475000,0.075,0.4411764705882353,4403.3087100129715,198148.89195058373,237778.67034070045,1100.8271775032429,1320.9926130038914,93750.0,112500.0,5000,6000,7000,788.3271775032429,870.9926130038914,725.8271775032429,780.9926130038914,663.3271775032429,690.9926130038914
825000,792595.5678023349,350000,475000,0.075,0.42424242424242425,4403.3087100129715,198148.89195058373,237778.67034070045,1100.8271775032429,1320.9926130038914,87500.0,105000.0,5000,6000,7000,788.3271775032429,870.9926130038914,725.8271775032429,780.9926130038914,663.3271775032429,690.9926130038914
800000,792595.5678023349,325000,475000,0.075,0.40625,4403.3087100129715,198148.89195058373,237778.67034070045,1100.8271775032429,1320.9926130038914,81250.0,97500.0,5000,6000,7000,788.3271775032429,870.9926130038914,725.8271775032429,780.9926130038914,663.3271775032429,690.9926130038914
775000,792595.5678023349,300000,475000,0.075,0.3870967741935484,4403.3087100129715,198148.89195058373,237778.67034070045,1100.8271775032429,1320.9926130038914,75000.0,90000.0,5000,6000,7000,788.3271775032429,870.9926130038914,725.8271775032429,780.9926130038914,663.3271775032429,690.9926130038914
900000,759471.1452436162,400000,500000,0.06,0.4444444444444444,4219.284140242312,189867.78631090405,227841.34357308486,1054.821035060578,1265.7852420726936,100000.0,120000.0,5000,6000,7000,742.321035060578,815.7852420726936,679.821035060578,725.7852420726936,617.321035060578,635.7852420726936
875000,759471.1452436162,375000,500000,0.06,0.42857142857142855,4219.284140242312,189867.78631090405,227841.34357308486,1054.821035060578,1265.7852420726936,93750.0,112500.0,5000,6000,7000,742.321035060578,815.7852420726936,679.821035060578,725.7852420726936,617.321035060578,635.7852420726936
850000,759471.1452436162,350000,500000,0.06,0.4117647058823529,4219.284140242312,189867.78631090405,227841.34357308486,1054.821035060578,1265.7852420726936,87500.0,105000.0,5000,6000,7000,742.321035060578,815.7852420726936,679.821035060578,725.7852420726936,617.321035060578,635.7852420726936
825000,759471.1452436162,325000,500000,0.06,0.3939393939393939,4219.284140242312,189867.78631090405,227841.34357308486,1054.821035060578,1265.7852420726936,81250.0,97500.0,5000,6000,7000,742.321035060578,815.7852420726936,679.821035060578,725.7852420726936,617.321035060578,635.7852420726936
800000,759471.1452436162,300000,500000,0.06,0.375,4219.284140242312,189867.78631090405,227841.34357308486,1054.821035060578,1265.7852420726936,75000.0,90000.0,5000,6000,7000,742.321035060578,815.7852420726936,679.821035060578,725.7852420726936,617.321035060578,635.7852420726936
900000,783996.6287676289,400000,500000,0.065,0.4444444444444444,4355.5368264868275,195999.15719190723,235198.98863028866,1088.8842066217069,1306.6610479460483,100000.0,120000.0,5000,6000,7000,776.3842066217069,856.6610479460483,713.8842066217069,766.6610479460483,651.3842066217069,676.6610479460483
875000,783996.6287676289,375000,500000,0.065,0.42857142857142855,4355.5368264868275,195999.15719190723,235198.98863028866,1088.8842066217069,1306.6610479460483,93750.0,112500.0,5000,6000,7000,776.3842066217069,856.6610479460483,713.8842066217069,766.6610479460483,651.3842066217069,676.6610479460483
850000,783996.6287676289,350000,500000,0.065,0.4117647058823529,4355.5368264868275,195999.15719190723,235198.98863028866,1088.8842066217069,1306.6610479460483,87500.0,105000.0,5000,6000,7000,776.3842066217069,856.6610479460483,713.8842066217069,766.6610479460483,651.3842066217069,676.6610479460483
825000,783996.6287676289,325000,500000,0.065,0.3939393939393939,4355.5368264868275,195999.15719190723,235198.98863028866,1088.8842066217069,1306.6610479460483,81250.0,97500.0,5000,6000,7000,776.3842066217069,856.6610479460483,713.8842066217069,766.6610479460483,651.3842066217069,676.6610479460483
800000,783996.6287676289,300000,500000,0.065,0.375,4355.5368264868275,195999.15719190723,235198.98863028866,1088.8842066217069,1306.6610479460483,75000.0,90000.0,5000,6000,7000,776.3842066217069,856.6610479460483,713.8842066217069,766.6610479460483,651.3842066217069,676.6610479460483
900000,808945.4437671823,400000,500000,0.07,0.4444444444444444,4494.141354262124,202236.36094179557,242683.6331301547,1123.535338565531,1348.2424062786372,100000.0,120000.0,5000,6000,7000,811.035338565531,898.2424062786372,748.535338565531,808.2424062786372,686.035338565531,718.2424062786372
875000,808945.4437671823,375000,500000,0.07,0.42857142857142855,4494.141354262124,202236.36094179557,242683.6331301547,1123.535338565531,1348.2424062786372,93750.0,112500.0,5000,6000,7000,811.035338565531,898.2424062786372,748.535338565531,808.2424062786372,686.035338565531,718.2424062786372
850000,808945.4437671823,350000,500000,0.07,0.4117647058823529,4494.141354262124,202236.36094179557,242683.6331301547,1123.535338565531,1348.2424062786372,87500.0,105000.0,5000,6000,7000,811.035338565531,898.2424062786372,748.535338565531,808.2424062786372,686.035338565531,718.2424062786372
825000,808945.4437671823,325000,500000,0.07,0.3939393939393939,4494.141354262124,202236.36094179557,242683.6331301547,1123.535338565531,1348.2424062786372,81250.0,97500.0,5000,6000,7000,811.035338565531,898.2424062786372,748.535338565531,808.2424062786372,686.035338565531,718.2424062786372
800000,808945.4437671823,300000,500000,0.07,0.375,4494.141354262124,202236.36094179557,242683.6331301547,1123.535338565531,1348.2424062786372,75000.0,90000.0,5000,6000,7000,811.035338565531,898.2424062786372,748.535338565531,808.2424062786372,686.035338565531,718.2424062786372
900000,834311.1240024578,400000,500000,0.075,0.4444444444444444,4635.061800013655,208577.78100061446,250293.33720073733,1158.7654500034137,1390.5185400040964,100000.0,120000.0,5000,6000,7000,846.2654500034137,940.5185400040964,783.7654500034137,850.5185400040964,721.2654500034137,760.5185400040964
875000,834311.1240024578,375000,500000,0.075,0.42857142857142855,4635.061800013655,208577.78100061446,250293.33720073733,1158.7654500034137,1390.5185400040964,93750.0,112500.0,5000,6000,7000,846.2654500034137,940.5185400040964,783.7654500034137,850.5185400040964,721.2654500034137,760.5185400040964
850000,834311.1240024578,350000,500000,0.075,0.4117647058823529,4635.061800013655,208577.78100061446,250293.33720073733,1158.7654500034137,1390.5185400040964,87500.0,105000.0,5000,6000,7000,846.2654500034137,940.5185400040964,783.7654500034137,850.5185400040964,721.2654500034137,760.5185400040964
825000,834311.1240024578,325000,500000,0.075,0.3939393939393939,4635.061800013655,208577.78100061446,250293.33720073733,1158.7654500034137,1390.5185400040964,81250.0,97500.0,5000,6000,7000,846.2654500034137,940.5185400040964,783.7654500034137,850.5185400040964,721.2654500034137,760.5185400040964
800000,834311.1240024578,300000,500000,0.075,0.375,4635.061800013655,208577.78100061446,250293.33720073733,1158.7654500034137,1390.5185400040964,75000.0,90000.0,5000,6000,7000,846.2654500034137,940.5185400040964,783.7654500034137,850.5185400040964,721.2654500034137,760.5185400040964
925000,797444.7025057969,400000,525000,0.06,0.43243243243243246,4430.248347254427,199361.17562644923,239233.41075173905,1107.5620868136068,1329.0745041763282,100000.0,120000.0,5000,6000,7000,795.0620868136068,879.0745041763281,732.5620868136068,789.0745041763281,670.0620868136068,699.0745041763281
900000,797444.7025057969,375000,525000,0.06,0.4166666666666667,4430.248347254427,199361.17562644923,239233.41075173905,1107.5620868136068,1329.0745041763282,93750.0,112500.0,5000,6000,7000,795.0620868136068,879.0745041763281,732.5620868136068,789.0745041763281,670.0620868136068,699.0745041763281
875000,797444.7025057969,350000,525000,0.06,0.4,4430.248347254427,199361.17562644923,239233.41075173905,1107.5620868136068,1329.0745041763282,87500.0,105000.0,5000,6000,7000,795.0620868136068,879.0745041763281,732.5620868136068,789.0745041763281,670.0620868136068,699.0745041763281
850000,797444.7025057969,325000,525000,0.06,0.38235294117647056,4430.248347254427,199361.17562644923,239233.41075173905,1107.5620868136068,1329.0745041763282,81250.0,97500.0,5000,6000,7000,795.0620868136068,879.0745041763281,732.5620868136068,789.0745041763281,670.0620868136068,699.0745041763281
825000,797444.7025057969,300000,525000,0.06,0.36363636363636365,4430.248347254427,199361.17562644923,239233.41075173905,1107.5620868136068,1329.0745041763282,75000.0,90000.0,5000,6000,7000,795.0620868136068,879.0745041763281,732.5620868136068,789.0745041763281,670.0620868136068,699.0745041763281
925000,823196.4602060105,400000,525000,0.065,0.43243243243243246,4573.31366781117,205799.11505150262,246958.93806180314,1143.3284169527924,1371.9941003433507,100000.0,120000.0,5000,6000,7000,830.8284169527924,921.9941003433509,768.3284169527924,831.9941003433509,705.8284169527924,741.9941003433509
900000,823196.4602060105,375000,525000,0.065,0.4166666666666667,4573.31366781117,205799.11505150262,246958.93806180314,1143.3284169527924,1371.9941003433507,93750.0,112500.0,5000,6000,7000,830.8284169527924,921.9941003433509,768.3284169527924,831.9941003433509,705.8284169527924,741.9941003433509
875000,823196.4602060105,350000,525000,0.065,0.4,4573.31366781117,205799.11505150262,246958.93806180314,1143.3284169527924,1371.9941003433507,87500.0,105000.0,5000,6000,7000,830.8284169527924,921.9941003433509,768.3284169527924,831.9941003433509,705.8284169527924,741.9941003433509
850000,823196.4602060105,325000,525000,0.065,0.38235294117647056,4573.31366781117,205799.11505150262,246958.93806180314,1143.3284169527924,1371.9941003433507,81250.0,97500.0,5000,6000,7000,830.8284169527924,921.9941003433509,768.3284169527924,831.9941003433509,705.8284169527924,741.9941003433509
825000,823196.4602060105,300000,525000,0.065,0.36363636363636365,4573.31366781117,205799.11505150262,246958.93806180314,1143.3284169527924,1371.9941003433507,75000.0,90000.0,5000,6000,7000,830.8284169527924,921.9941003433509,768.3284169527924,831.9941003433509,705.8284169527924,741.9941003433509
925000,849392.7159555414,400000,525000,0.07,0.43243243243243246,4718.84842197523,212348.17898888534,254817.8147866624,1179.7121054938075,1415.654526592569,100000.0,120000.0,5000,6000,7000,867.2121054938075,965.6545265925689,804.7121054938075,875.6545265925689,742.2121054938075,785.6545265925689
900000,849392.7159555414,375000,525000,0.07,0.4166666666666667,4718.84842197523,212348.17898888534,254817.8147866624,1179.7121054938075,1415.654526592569,93750.0,112500.0,5000,6000,7000,867.2121054938075,965.6545265925689,804.7121054938075,875.6545265925689,742.2121054938075,785.6545265925689
875000,849392.7159555414,350000,525000,0.07,0.4,4718.84842197523,212348.17898888534,254817.8147866624,1179.7121054938075,1415.654526592569,87500.0,105000.0,5000,6000,7000,867.2121054938075,965.6545265925689,804.7121054938075,875.6545265925689,742.2121054938075,785.6545265925689
850000,849392.7159555414,325000,525000,0.07,0.38235294117647056,4718.84842197523,212348.17898888534,254817.8147866624,1179.7121054938075,1415.654526592569,81250.0,97500.0,5000,6000,7000,867.2121054938075,965.6545265925689,804.7121054938075,875.6545265925689,742.2121054938075,785.6545265925689
825000,849392.7159555414,300000,525000,0.07,0.36363636363636365,4718.84842197523,212348.17898888534,254817.8147866624,1179.7121054938075,1415.654526592569,75000.0,90000.0,5000,6000,7000,867.2121054938075,965.6545265925689,804.7121054938075,875.6545265925689,742.2121054938075,785.6545265925689
925000,876026.6802025806,400000,525000,0.075,0.43243243243243246,4866.814890014337,219006.67005064516,262808.00406077417,1216.7037225035842,1460.044467004301,100000.0,120000.0,5000,6000,7000,904.2037225035842,1010.044467004301,841.7037225035842,920.044467004301,779.2037225035842,830.044467004301
900000,876026.6802025806,375000,525000,0.075,0.4166666666666667,4866.814890014337,219006.67005064516,262808.00406077417,1216.7037225035842,1460.044467004301,93750.0,112500.0,5000,6000,7000,904.2037225035842,1010.044467004301,841.7037225035842,920.044467004301,779.2037225035842,830.044467004301
875000,876026.6802025806,350000,525000,0.075,0.4,4866.814890014337,219006.67005064516,262808.00406077417,1216.7037225035842,1460.044467004301,87500.0,105000.0,5000,6000,7000,904.2037225035842,1010.044467004301,841.7037225035842,920.044467004301,779.2037225035842,830.044467004301
850000,876026.6802025806,325000,525000,0.075,0.38235294117647056,4866.814890014337,219006.67005064516,262808.00406077417,1216.7037225035842,1460.044467004301,81250.0,97500.0,5000,6000,7000,904.2037225035842,1010.044467004301,841.7037225035842,920.044467004301,779.2037225035842,830.044467004301
825000,876026.6802025806,300000,525000,0.075,0.36363636363636365,4866.814890014337,219006.67005064516,262808.00406077417,1216.7037225035842,1460.044467004301,75000.0,90000.0,5000,6000,7000,904.2037225035842,1010.044467004301,841.7037225035842,920.044467004301,779.2037225035842,830.044467004301
950000,835418.2597679779,400000,550000,0.06,0.42105263157894735,4641.2125542665435,208854.56494199447,250625.47793039336,1160.3031385666359,1392.363766279963,100000.0,120000.0,5000,6000,7000,847.8031385666359,942.363766279963,785.3031385666359,852.363766279963,722.8031385666359,762.363766279963
925000,835418.2597679779,375000,550000,0.06,0.40540540540540543,4641.2125542665435,208854.56494199447,250625.47793039336,1160.3031385666359,1392.363766279963,93750.0,112500.0,5000,6000,7000,847.8031385666359,942.363766279963,785.3031385666359,852.363766279963,722.8031385666359,762.363766279963
900000,835418.2597679779,350000,550000,0.06,0.3888888888888889,4641.2125542665435,208854.56494199447,250625.47793039336,1160.3031385666359,1392.363766279963,87500.0,105000.0,5000,6000,7000,847.8031385666359,942.363766279963,785.3031385666359,852.363766279963,722.8031385666359,762.363766279963
875000,835418.2597679779,325000,550000,0.06,0.37142857142857144,4641.2125542665435,208854.56494199447,250625.47793039336,1160.3031385666359,1392.363766279963,81250.0,97500.0,5000,6000,7000,847.8031385666359,942.363766279963,785.3031385666359,852.363766279963,722.8031385666359,762.363766279963
850000,835418.2597679779,300000,550000,0.06,0.35294117647058826,4641.2125542665435,208854.56494199447,250625.47793039336,1160.3031385666359,1392.363766279963,75000.0,90000.0,5000,6000,7000,847.8031385666359,942.363766279963,785.3031385666359,852.363766279963,722.8031385666359,762.363766279963
950000,862396.291644392,400000,550000,0.065,0.42105263157894735,4791.090509135511,215599.072911098,258718.88749331757,1197.7726272838777,1437.3271527406532,100000.0,120000.0,5000,6000,7000,885.2726272838777,987.3271527406532,822.7726272838777,897.3271527406532,760.2726272838777,807.3271527406532
925000,862396.291644392,375000,550000,0.065,0.40540540540540543,4791.090509135511,215599.072911098,258718.88749331757,1197.7726272838777,1437.3271527406532,93750.0,112500.0,5000,6000,7000,885.2726272838777,987.3271527406532,822.7726272838777,897.3271527406532,760.2726272838777,807.3271527406532
900000,862396.291644392,350000,550000,0.065,0.3888888888888889,4791.090509135511,215599.072911098,258718.88749331757,1197.7726272838777,1437.3271527406532,87500.0,105000.0,5000,6000,7000,885.2726272838777,987.3271527406532,822.7726272838777,897.3271527406532,760.2726272838777,807.3271527406532
875000,862396.291644392,325000,550000,0.065,0.37142857142857144,4791.090509135511,215599.072911098,258718.88749331757,1197.7726272838777,1437.3271527406532,81250.0,97500.0,5000,6000,7000,885.2726272838777,987.3271527406532,822.7726272838777,897.3271527406532,760.2726272838777,807.3271527406532
850000,862396.291644392,300000,550000,0.065,0.35294117647058826,4791.090509135511,215599.072911098,258718.88749331757,1197.7726272838777,1437.3271527406532,75000.0,90000.0,5000,6000,7000,885.2726272838777,987.3271527406532,822.7726272838777,897.3271527406532,760.2726272838777,807.3271527406532
950000,889839.9881439006,400000,550000,0.07,0.42105263157894735,4943.555489688337,222459.99703597516,266951.9964431702,1235.8888724220842,1483.066646906501,100000.0,120000.0,5000,6000,7000,923.3888724220842,1033.066646906501,860.8888724220842,943.066646906501,798.3888724220842,853.066646906501
925000,889839.9881439006,375000,550000,0.07,0.40540540540540543,4943.555489688337,222459.99703597516,266951.9964431702,1235.8888724220842,1483.066646906501,93750.0,112500.0,5000,6000,7000,923.3888724220842,1033.066646906501,860.8888724220842,943.066646906501,798.3888724220842,853.066646906501
900000,889839.9881439006,350000,550000,0.07,0.3888888888888889,4943.555489688337,222459.99703597516,266951.9964431702,1235.8888724220842,1483.066646906501,87500.0,105000.0,5000,6000,7000,923.3888724220842,1033.066646906501,860.8888724220842,943.066646906501,798.3888724220842,853.066646906501
875000,889839.9881439006,325000,550000,0.07,0.37142857142857144,4943.555489688337,222459.99703597516,266951.9964431702,1235.8888724220842,1483.066646906501,81250.0,97500.0,5000,6000,7000,923.3888724220842,1033.066646906501,860.8888724220842,943.066646906501,798.3888724220842,853.066646906501
850000,889839.9881439006,300000,550000,0.07,0.35294117647058826,4943.555489688337,222459.99703597516,266951.9964431702,1235.8888724220842,1483.066646906501,75000.0,90000.0,5000,6000,7000,923.3888724220842,1033.066646906501,860.8888724220842,943.066646906501,798.3888724220842,853.066646906501
950000,917742.2364027036,400000,550000,0.075,0.42105263157894735,5098.56798001502,229435.5591006759,275322.67092081107,1274.641995003755,1529.570394004506,100000.0,120000.0,5000,6000,7000,962.141995003755,1079.570394004506,899.641995003755,989.5703940045059,837.141995003755,899.570394004506
925000,917742.2364027036,375000,550000,0.075,0.40540540540540543,5098.56798001502,229435.5591006759,275322.67092081107,1274.641995003755,1529.570394004506,93750.0,112500.0,5000,6000,7000,962.141995003755,1079.570394004506,899.641995003755,989.5703940045059,837.141995003755,899.570394004506
900000,917742.2364027036,350000,550000,0.075,0.3888888888888889,5098.56798001502,229435.5591006759,275322.67092081107,1274.641995003755,1529.570394004506,87500.0,105000.0,5000,6000,7000,962.141995003755,1079.570394004506,899.641995003755,989.5703940045059,837.141995003755,899.570394004506
875000,917742.2364027036,325000,550000,0.075,0.37142857142857144,5098.56798001502,229435.5591006759,275322.67092081107,1274.641995003755,1529.570394004506,81250.0,97500.0,5000,6000,7000,962.141995003755,1079.570394004506,899.641995003755,989.5703940045059,837.141995003755,899.570394004506
850000,917742.2364027036,300000,550000,0.075,0.35294117647058826,5098.56798001502,229435.5591006759,275322.67092081107,1274.641995003755,1529.570394004506,75000.0,90000.0,5000,6000,7000,962.141995003755,1079.570394004506,899.641995003755,989.5703940045059,837.141995003755,899.570394004506
975000,873391.8170301586,400000,575000,0.06,0.41025641025641024,4852.176761278659,218347.95425753965,262017.54510904755,1213.0441903196647,1455.6530283835975,100000.0,120000.0,5000,6000,7000,900.5441903196647,1005.6530283835976,838.0441903196647,915.6530283835976,775.5441903196647,825.6530283835976
950000,873391.8170301586,375000,575000,0.06,0.39473684210526316,4852.176761278659,218347.95425753965,262017.54510904755,1213.0441903196647,1455.6530283835975,93750.0,112500.0,5000,6000,7000,900.5441903196647,1005.6530283835976,838.0441903196647,915.6530283835976,775.5441903196647,825.6530283835976
925000,873391.8170301586,350000,575000,0.06,0.3783783783783784,4852.176761278659,218347.95425753965,262017.54510904755,1213.0441903196647,1455.6530283835975,87500.0,105000.0,5000,6000,7000,900.5441903196647,1005.6530283835976,838.0441903196647,915.6530283835976,775.5441903196647,825.6530283835976
900000,873391.8170301586,325000,575000,0.06,0.3611111111111111,4852.176761278659,218347.95425753965,262017.54510904755,1213.0441903196647,1455.6530283835975,81250.0,97500.0,5000,6000,7000,900.5441903196647,1005.6530283835976,838.0441903196647,915.6530283835976,775.5441903196647,825.6530283835976
875000,873391.8170301586,300000,575000,0.06,0.34285714285714286,4852.176761278659,218347.95425753965,262017.54510904755,1213.0441903196647,1455.6530283835975,75000.0,90000.0,5000,6000,7000,900.5441903196647,1005.6530283835976,838.0441903196647,915.6530283835976,775.5441903196647,825.6530283835976
975000,901596.1230827733,400000,575000,0.065,0.41025641025641024,5008.867350459852,225399.03077069332,270478.83692483197,1252.216837614963,1502.6602051379555,100000.0,120000.0,5000,6000,7000,939.716837614963,1052.6602051379555,877.216837614963,962.6602051379555,814.716837614963,872.6602051379556
950000,901596.1230827733,375000,575000,0.065,0.39473684210526316,5008.867350459852,225399.03077069332,270478.83692483197,1252.216837614963,1502.6602051379555,93750.0,112500.0,5000,6000,7000,939.716837614963,1052.6602051379555,877.216837614963,962.6602051379555,814.716837614963,872.6602051379556
925000,901596.1230827733,350000,575000,0.065,0.3783783783783784,5008.867350459852,225399.03077069332,270478.83692483197,1252.216837614963,1502.6602051379555,87500.0,105000.0,5000,6000,7000,939.716837614963,1052.6602051379555,877.216837614963,962.6602051379555,814.716837614963,872.6602051379556
900000,901596.1230827733,325000,575000,0.065,0.3611111111111111,5008.867350459852,225399.03077069332,270478.83692483197,1252.216837614963,1502.6602051379555,81250.0,97500.0,5000,6000,7000,939.716837614963,1052.6602051379555,877.216837614963,962.6602051379555,814.716837614963,872.6602051379556
875000,901596.1230827733,300000,575000,0.065,0.34285714285714286,5008.867350459852,225399.03077069332,270478.83692483197,1252.216837614963,1502.6602051379555,75000.0,90000.0,5000,6000,7000,939.716837614963,1052.6602051379555,877.216837614963,962.6602051379555,814.716837614963,872.6602051379556
975000,930287.2603322597,400000,575000,0.07,0.41025641025641024,5168.262557401443,232571.81508306492,279086.1780996779,1292.0656393503607,1550.4787672204327,100000.0,120000.0,5000,6000,7000,979.5656393503607,1100.4787672204327,917.0656393503607,1010.4787672204328,854.5656393503607,920.4787672204328
950000,930287.2603322597,375000,575000,0.07,0.39473684210526316,5168.262557401443,232571.81508306492,279086.1780996779,1292.0656393503607,1550.4787672204327,93750.0,112500.0,5000,6000,7000,979.5656393503607,1100.4787672204327,917.0656393503607,1010.4787672204328,854.5656393503607,920.4787672204328
925000,930287.2603322597,350000,575000,0.07,0.3783783783783784,5168.262557401443,232571.81508306492,279086.1780996779,1292.0656393503607,1550.4787672204327,87500.0,105000.0,5000,6000,7000,979.5656393503607,1100.4787672204327,917.0656393503607,1010.4787672204328,854.5656393503607,920.4787672204328
900000,930287.2603322597,325000,575000,0.07,0.3611111111111111,5168.262557401443,232571.81508306492,279086.1780996779,1292.0656393503607,1550.4787672204327,81250.0,97500.0,5000,6000,7000,979.5656393503607,1100.4787672204327,917.0656393503607,1010.4787672204328,854.5656393503607,920.4787672204328
875000,930287.2603322597,300000,575000,0.07,0.34285714285714286,5168.262557401443,232571.81508306492,279086.1780996779,1292.0656393503607,1550.4787672204327,75000.0,90000.0,5000,6000,7000,979.5656393503607,1100.4787672204327,917.0656393503607,1010.4787672204328,854.5656393503607,920.4787672204328
975000,959457.7926028264,400000,575000,0.075,0.41025641025641024,5330.321070015702,239864.4481507066,287837.3377808479,1332.5802675039256,1599.0963210047107,100000.0,120000.0,5000,6000,7000,1020.0802675039256,1149.0963210047107,957.5802675039256,1059.0963210047107,895.0802675039256,969.0963210047107
950000,959457.7926028264,375000,575000,0.075,0.39473684210526316,5330.321070015702,239864.4481507066,287837.3377808479,1332.5802675039256,1599.0963210047107,93750.0,112500.0,5000,6000,7000,1020.0802675039256,1149.0963210047107,957.5802675039256,1059.0963210047107,895.0802675039256,969.0963210047107
925000,959457.7926028264,350000,575000,0.075,0.3783783783783784,5330.321070015702,239864.4481507066,287837.3377808479,1332.5802675039256,1599.0963210047107,87500.0,105000.0,5000,6000,7000,1020.0802675039256,1149.0963210047107,957.5802675039256,1059.0963210047107,895.0802675039256,969.0963210047107
900000,959457.7926028264,325000,575000,0.075,0.3611111111111111,5330.321070015702,239864.4481507066,287837.3377808479,1332.5802675039256,1599.0963210047107,81250.0,97500.0,5000,6000,7000,1020.0802675039256,1149.0963210047107,957.5802675039256,1059.0963210047107,895.0802675039256,969.0963210047107
875000,959457.7926028264,300000,575000,0.075,0.34285714285714286,5330.321070015702,239864.4481507066,287837.3377808479,1332.5802675039256,1599.0963210047107,75000.0,90000.0,5000,6000,7000,1020.0802675039256,1149.0963210047107,957.5802675039256,1059.0963210047107,895.0802675039256,969.0963210047107
1000000,911365.3742923393,400000,600000,0.06,0.4,5063.140968290774,227841.34357308483,273409.6122877018,1265.7852420726936,1518.9422904872322,100000.0,120000.0,5000,6000,7000,953.2852420726936,1068.9422904872322,890.7852420726936,978.9422904872322,828.2852420726936,888.9422904872323
975000,911365.3742923393,375000,600000,0.06,0.38461538461538464,5063.140968290774,227841.34357308483,273409.6122877018,1265.7852420726936,1518.9422904872322,93750.0,112500.0,5000,6000,7000,953.2852420726936,1068.9422904872322,890.7852420726936,978.9422904872322,828.2852420726936,888.9422904872323
950000,911365.3742923393,350000,600000,0.06,0.3684210526315789,5063.140968290774,227841.34357308483,273409.6122877018,1265.7852420726936,1518.9422904872322,87500.0,105000.0,5000,6000,7000,953.2852420726936,1068.9422904872322,890.7852420726936,978.9422904872322,828.2852420726936,888.9422904872323
925000,911365.3742923393,325000,600000,0.06,0.35135135135135137,5063.140968290774,227841.34357308483,273409.6122877018,1265.7852420726936,1518.9422904872322,81250.0,97500.0,5000,6000,7000,953.2852420726936,1068.9422904872322,890.7852420726936,978.9422904872322,828.2852420726936,888.9422904872323
900000,911365.3742923393,300000,600000,0.06,0.3333333333333333,5063.140968290774,227841.34357308483,273409.6122877018,1265.7852420726936,1518.9422904872322,75000.0,90000.0,5000,6000,7000,953.2852420726936,1068.9422904872322,890.7852420726936,978.9422904872322,828.2852420726936,888.9422904872323
1000000,940795.9545211548,400000,600000,0.065,0.4,5226.644191784193,235198.9886302887,282238.7863563464,1306.6610479460483,1567.993257535258,100000.0,120000.0,5000,6000,7000,994.1610479460483,1117.993257535258,931.6610479460483,1027.993257535258,869.1610479460483,937.9932575352578
975000,940795.9545211548,375000,600000,0.065,0.38461538461538464,5226.644191784193,235198.9886302887,282238.7863563464,1306.6610479460483,1567.993257535258,93750.0,112500.0,5000,6000,7000,994.1610479460483,1117.993257535258,931.6610479460483,1027.993257535258,869.1610479460483,937.9932575352578
950000,940795.9545211548,350000,600000,0.065,0.3684210526315789,5226.644191784193,235198.9886302887,282238.7863563464,1306.6610479460483,1567.993257535258,87500.0,105000.0,5000,6000,7000,994.1610479460483,1117.993257535258,931.6610479460483,1027.993257535258,869.1610479460483,937.9932575352578
925000,940795.9545211548,325000,600000,0.065,0.35135135135135137,5226.644191784193,235198.9886302887,282238.7863563464,1306.6610479460483,1567.993257535258,81250.0,97500.0,5000,6000,7000,994.1610479460483,1117.993257535258,931.6610479460483,1027.993257535258,869.1610479460483,937.9932575352578
900000,940795.9545211548,300000,600000,0.065,0.3333333333333333,5226.644191784193,235198.9886302887,282238.7863563464,1306.6610479460483,1567.993257535258,75000.0,90000.0,5000,6000,7000,994.1610479460483,1117.993257535258,931.6610479460483,1027.993257535258,869.1610479460483,937.9932575352578
1000000,970734.5325206188,400000,600000,0.07,0.4,5392.969625114549,242683.6331301547,291220.3597561856,1348.2424062786372,1617.8908875343645,100000.0,120000.0,5000,6000,7000,1035.7424062786372,1167.8908875343645,973.2424062786372,1077.8908875343645,910.7424062786372,987.8908875343645
975000,970734.5325206188,375000,600000,0.07,0.38461538461538464,5392.969625114549,242683.6331301547,291220.3597561856,1348.2424062786372,1617.8908875343645,93750.0,112500.0,5000,6000,7000,1035.7424062786372,1167.8908875343645,973.2424062786372,1077.8908875343645,910.7424062786372,987.8908875343645
950000,970734.5325206188,350000,600000,0.07,0.3684210526315789,5392.969625114549,242683.6331301547,291220.3597561856,1348.2424062786372,1617.8908875343645,87500.0,105000.0,5000,6000,7000,1035.7424062786372,1167.8908875343645,973.2424062786372,1077.8908875343645,910.7424062786372,987.8908875343645
925000,970734.5325206188,325000,600000,0.07,0.35135135135135137,5392.969625114549,242683.6331301547,291220.3597561856,1348.2424062786372,1617.8908875343645,81250.0,97500.0,5000,6000,7000,1035.7424062786372,1167.8908875343645,973.2424062786372,1077.8908875343645,910.7424062786372,987.8908875343645
900000,970734.5325206188,300000,600000,0.07,0.3333333333333333,5392.969625114549,242683.6331301547,291220.3597561856,1348.2424062786372,1617.8908875343645,75000.0,90000.0,5000,6000,7000,1035.7424062786372,1167.8908875343645,973.2424062786372,1077.8908875343645,910.7424062786372,987.8908875343645
1000000,1001173.3488029494,400000,600000,0.075,0.4,5562.074160016386,250293.33720073735,300352.0046408848,1390.5185400040964,1668.6222480049157,100000.0,120000.0,5000,6000,7000,1078.0185400040964,1218.6222480049157,1015.5185400040964,1128.6222480049157,953.0185400040964,1038.6222480049157
975000,1001173.3488029494,375000,600000,0.075,0.38461538461538464,5562.074160016386,250293.33720073735,300352.0046408848,1390.5185400040964,1668.6222480049157,93750.0,112500.0,5000,6000,7000,1078.0185400040964,1218.6222480049157,1015.5185400040964,1128.6222480049157,953.0185400040964,1038.6222480049157
950000,1001173.3488029494,350000,600000,0.075,0.3684210526315789,5562.074160016386,250293.33720073735,300352.0046408848,1390.5185400040964,1668.6222480049157,87500.0,105000.0,5000,6000,7000,1078.0185400040964,1218.6222480049157,1015.5185400040964,1128.6222480049157,953.0185400040964,1038.6222480049157
925000,1001173.3488029494,325000,600000,0.075,0.35135135135135137,5562.074160016386,250293.33720073735,300352.0046408848,1390.5185400040964,1668.6222480049157,81250.0,97500.0,5000,6000,7000,1078.0185400040964,1218.6222480049157,1015.5185400040964,1128.6222480049157,953.0185400040964,1038.6222480049157
900000,1001173.3488029494,300000,600000,0.075,0.3333333333333333,5562.074160016386,250293.33720073735,300352.0046408848,1390.5185400040964,1668.6222480049157,75000.0,90000.0,5000,6000,7000,1078.0185400040964,1218.6222480049157,1015.5185400040964,1128.6222480049157,953.0185400040964,1038.6222480049157
1025000,949338.9315545202,400000,625000,0.06,0.3902439024390244,5274.10517530289,237334.73288863004,284801.67946635606,1318.5262938257224,1582.2315525908668,100000.0,120000.0,5000,6000,7000,1006.0262938257224,1132.2315525908668,943.5262938257224,1042.2315525908668,881.0262938257224,952.2315525908668
1000000,949338.9315545202,375000,625000,0.06,0.375,5274.10517530289,237334.73288863004,284801.67946635606,1318.5262938257224,1582.2315525908668,93750.0,112500.0,5000,6000,7000,1006.0262938257224,1132.2315525908668,943.5262938257224,1042.2315525908668,881.0262938257224,952.2315525908668
975000,949338.9315545202,350000,625000,0.06,0.358974358974359,5274.10517530289,237334.73288863004,284801.67946635606,1318.5262938257224,1582.2315525908668,87500.0,105000.0,5000,6000,7000,1006.0262938257224,1132.2315525908668,943.5262938257224,1042.2315525908668,881.0262938257224,952.2315525908668
950000,949338.9315545202,325000,625000,0.06,0.34210526315789475,5274.10517530289,237334.73288863004,284801.67946635606,1318.5262938257224,1582.2315525908668,81250.0,97500.0,5000,6000,7000,1006.0262938257224,1132.2315525908668,943.5262938257224,1042.2315525908668,881.0262938257224,952.2315525908668
925000,949338.9315545202,300000,625000,0.06,0.32432432432432434,5274.10517530289,237334.73288863004,284801.67946635606,1318.5262938257224,1582.2315525908668,75000.0,90000.0,5000,6000,7000,1006.0262938257224,1132.2315525908668,943.5262938257224,1042.2315525908668,881.0262938257224,952.2315525908668
1025000,979995.7859595363,400000,625000,0.065,0.3902439024390244,5444.421033108535,244998.94648988408,293998.7357878609,1361.1052582771338,1633.3263099325604,100000.0,120000.0,5000,6000,7000,1048.6052582771338,1183.3263099325604,986.1052582771338,1093.3263099325604,923.6052582771338,1003.3263099325604
1000000,979995.7859595363,375000,625000,0.065,0.375,5444.421033108535,244998.94648988408,293998.7357878609,1361.1052582771338,1633.3263099325604,93750.0,112500.0,5000,6000,7000,1048.6052582771338,1183.3263099325604,986.1052582771338,1093.3263099325604,923.6052582771338,1003.3263099325604
975000,979995.7859595363,350000,625000,0.065,0.358974358974359,5444.421033108535,244998.94648988408,293998.7357878609,1361.1052582771338,1633.3263099325604,87500.0,105000.0,5000,6000,7000,1048.6052582771338,1183.3263099325604,986.1052582771338,1093.3263099325604,923.6052582771338,1003.3263099325604
950000,979995.7859595363,325000,625000,0.065,0.34210526315789475,5444.421033108535,244998.94648988408,293998.7357878609,1361.1052582771338,1633.3263099325604,81250.0,97500.0,5000,6000,7000,1048.6052582771338,1183.3263099325604,986.1052582771338,1093.3263099325604,923.6052582771338,1003.3263099325604
925000,979995.7859595363,300000,625000,0.065,0.32432432432432434,5444.421033108535,244998.94648988408,293998.7357878609,1361.1052582771338,1633.3263099325604,75000.0,90000.0,5000,6000,7000,1048.6052582771338,1183.3263099325604,986.1052582771338,1093.3263099325604,923.6052582771338,1003.3263099325604
1025000,1011181.8047089778,400000,625000,0.07,0.3902439024390244,5617.676692827655,252795.45117724445,303354.54141269333,1404.4191732069137,1685.3030078482964,100000.0,120000.0,5000,6000,7000,1091.9191732069137,1235.3030078482964,1029.4191732069137,1145.3030078482964,966.9191732069137,1055.3030078482964
1000000,1011181.8047089778,375000,625000,0.07,0.375,5617.676692827655,252795.45117724445,303354.54141269333,1404.4191732069137,1685.3030078482964,93750.0,112500.0,5000,6000,7000,1091.9191732069137,1235.3030078482964,1029.4191732069137,1145.3030078482964,966.9191732069137,1055.3030078482964
975000,1011181.8047089778,350000,625000,0.07,0.358974358974359,5617.676692827655,252795.45117724445,303354.54141269333,1404.4191732069137,1685.3030078482964,87500.0,105000.0,5000,6000,7000,1091.9191732069137,1235.3030078482964,1029.4191732069137,1145.3030078482964,966.9191732069137,1055.3030078482964
950000,1011181.8047089778,325000,625000,0.07,0.34210526315789475,5617.676692827655,252795.45117724445,303354.54141269333,1404.4191732069137,1685.3030078482964,81250.0,97500.0,5000,6000,7000,1091.9191732069137,1235.3030078482964,1029.4191732069137,1145.3030078482964,966.9191732069137,1055.3030078482964
925000,1011181.8047089778,300000,625000,0.07,0.32432432432432434,5617.676692827655,252795.45117724445,303354.54141269333,1404.4191732069137,1685.3030078482964,75000.0,90000.0,5000,6000,7000,1091.9191732069137,1235.3030078482964,1029.4191732069137,1145.3030078482964,966.9191732069137,1055.3030078482964
1025000,1042888.9050030722,400000,625000,0.075,0.3902439024390244,5793.827250017068,260722.22625076806,312866.67150092166,1448.456812504267,1738.1481750051203,100000.0,120000.0,5000,6000,7000,1135.956812504267,1288.1481750051203,1073.456812504267,1198.1481750051203,1010.956812504267,1108.1481750051203
1000000,1042888.9050030722,375000,625000,0.075,0.375,5793.827250017068,260722.22625076806,312866.67150092166,1448.456812504267,1738.1481750051203,93750.0,112500.0,5000,6000,7000,1135.956812504267,1288.1481750051203,1073.456812504267,1198.1481750051203,1010.956812504267,1108.1481750051203
975000,1042888.9050030722,350000,625000,0.075,0.358974358974359,5793.827250017068,260722.22625076806,312866.67150092166,1448.456812504267,1738.1481750051203,87500.0,105000.0,5000,6000,7000,1135.956812504267,1288.1481750051203,1073.456812504267,1198.1481750051203,1010.956812504267,1108.1481750051203
950000,1042888.9050030722,325000,625000,0.075,0.34210526315789475,5793.827250017068,260722.22625076806,312866.67150092166,1448.456812504267,1738.1481750051203,81250.0,97500.0,5000,6000,7000,1135.956812504267,1288.1481750051203,1073.456812504267,1198.1481750051203,1010.956812504267,1108.1481750051203
925000,1042888.9050030722,300000,625000,0.075,0.32432432432432434,5793.827250017068,260722.22625076806,312866.67150092166,1448.456812504267,1738.1481750051203,75000.0,90000.0,5000,6000,7000,1135.956812504267,1288.1481750051203,1073.456812504267,1198.1481750051203,1010.956812504267,1108.1481750051203
1050000,987312.4888167011,400000,650000,0.06,0.38095238095238093,5485.069382315006,246828.12220417528,296193.7466450103,1371.2673455787515,1645.5208146945017,100000.0,120000.0,5000,6000,7000,1058.7673455787515,1195.5208146945017,996.2673455787515,1105.5208146945017,933.7673455787515,1015.5208146945017
1025000,987312.4888167011,375000,650000,0.06,0.36585365853658536,5485.069382315006,246828.12220417528,296193.7466450103,1371.2673455787515,1645.5208146945017,93750.0,112500.0,5000,6000,7000,1058.7673455787515,1195.5208146945017,996.2673455787515,1105.5208146945017,933.7673455787515,1015.5208146945017
1000000,987312.4888167011,350000,650000,0.06,0.35,5485.069382315006,246828.12220417528,296193.7466450103,1371.2673455787515,1645.5208146945017,87500.0,105000.0,5000,6000,7000,1058.7673455787515,1195.5208146945017,996.2673455787515,1105.5208146945017,933.7673455787515,1015.5208146945017
975000,987312.4888167011,325000,650000,0.06,0.3333333333333333,5485.069382315006,246828.12220417528,296193.7466450103,1371.2673455787515,1645.5208146945017,81250.0,97500.0,5000,6000,7000,1058.7673455787515,1195.5208146945017,996.2673455787515,1105.5208146945017,933.7673455787515,1015.5208146945017
950000,987312.4888167011,300000,650000,0.06,0.3157894736842105,5485.069382315006,246828.12220417528,296193.7466450103,1371.2673455787515,1645.5208146945017,75000.0,90000.0,5000,6000,7000,1058.7673455787515,1195.5208146945017,996.2673455787515,1105.5208146945017,933.7673455787515,1015.5208146945017
1050000,1019195.6173979177,400000,650000,0.065,0.38095238095238093,5662.197874432876,254798.90434947942,305758.6852193753,1415.549468608219,1698.659362329863,100000.0,120000.0,5000,6000,7000,1103.049468608219,1248.659362329863,1040.549468608219,1158.659362329863,978.0494686082191,1068.659362329863
1025000,1019195.6173979177,375000,650000,0.065,0.36585365853658536,5662.197874432876,254798.90434947942,305758.6852193753,1415.549468608219,1698.659362329863,93750.0,112500.0,5000,6000,7000,1103.049468608219,1248.659362329863,1040.549468608219,1158.659362329863,978.0494686082191,1068.659362329863
1000000,1019195.6173979177,350000,650000,0.065,0.35,5662.197874432876,254798.90434947942,305758.6852193753,1415.549468608219,1698.659362329863,87500.0,105000.0,5000,6000,7000,1103.049468608219,1248.659362329863,1040.549468608219,1158.659362329863,978.0494686082191,1068.659362329863
975000,1019195.6173979177,325000,650000,0.065,0.3333333333333333,5662.197874432876,254798.90434947942,305758.6852193753,1415.549468608219,1698.659362329863,81250.0,97500.0,5000,6000,7000,1103.049468608219,1248.659362329863,1040.549468608219,1158.659362329863,978.0494686082191,1068.659362329863
950000,1019195.6173979177,300000,650000,0.065,0.3157894736842105,5662.197874432876,254798.90434947942,305758.6852193753,1415.549468608219,1698.659362329863,75000.0,90000.0,5000,6000,7000,1103.049468608219,1248.659362329863,1040.549468608219,1158.659362329863,978.0494686082191,1068.659362329863
1050000,1051629.076897337,400000,650000,0.07,0.38095238095238093,5842.383760540762,262907.2692243343,315488.7230692011,1460.5959401351904,1752.7151281622284,100000.0,120000.0,5000,6000,7000,1148.0959401351904,1302.7151281622284,1085.5959401351904,1212.7151281622284,1023.0959401351904,1122.7151281622284
1025000,1051629.076897337,375000,650000,0.07,0.36585365853658536,5842.383760540762,262907.2692243343,315488.7230692011,1460.5959401351904,1752.7151281622284,93750.0,112500.0,5000,6000,7000,1148.0959401351904,1302.7151281622284,1085.5959401351904,1212.7151281622284,1023.0959401351904,1122.7151281622284
1000000,1051629.076897337,350000,650000,0.07,0.35,5842.383760540762,262907.2692243343,315488.7230692011,1460.5959401351904,1752.7151281622284,87500.0,105000.0,5000,6000,7000,1148.0959401351904,1302.7151281622284,1085.5959401351904,1212.7151281622284,1023.0959401351904,1122.7151281622284
975000,1051629.076897337,325000,650000,0.07,0.3333333333333333,5842.383760540762,262907.2692243343,315488.7230692011,1460.5959401351904,1752.7151281622284,81250.0,97500.0,5000,6000,7000,1148.0959401351904,1302.7151281622284,1085.5959401351904,1212.7151281622284,1023.0959401351904,1122.7151281622284
950000,1051629.076897337,300000,650000,0.07,0.3157894736842105,5842.383760540762,262907.2692243343,315488.7230692011,1460.5959401351904,1752.7151281622284,75000.0,90000.0,5000,6000,7000,1148.0959401351904,1302.7151281622284,1085.5959401351904,1212.7151281622284,1023.0959401351904,1122.7151281622284
1050000,1084604.4612031952,400000,650000,0.075,0.38095238095238093,6025.580340017751,271151.1153007988,325381.33836095856,1506.3950850044378,1807.6741020053253,100000.0,120000.0,5000,6000,7000,1193.8950850044378,1357.6741020053253,1131.3950850044378,1267.6741020053253,1068.8950850044378,1177.6741020053253
1025000,1084604.4612031952,375000,650000,0.075,0.36585365853658536,6025.580340017751,271151.1153007988,325381.33836095856,1506.3950850044378,1807.6741020053253,93750.0,112500.0,5000,6000,7000,1193.8950850044378,1357.6741020053253,1131.3950850044378,1267.6741020053253,1068.8950850044378,1177.6741020053253
1000000,1084604.4612031952,350000,650000,0.075,0.35,6025.580340017751,271151.1153007988,325381.33836095856,1506.3950850044378,1807.6741020053253,87500.0,105000.0,5000,6000,7000,1193.8950850044378,1357.6741020053253,1131.3950850044378,1267.6741020053253,1068.8950850044378,1177.6741020053253
975000,1084604.4612031952,325000,650000,0.075,0.3333333333333333,6025.580340017751,271151.1153007988,325381.33836095856,1506.3950850044378,1807.6741020053253,81250.0,97500.0,5000,6000,7000,1193.8950850044378,1357.6741020053253,1131.3950850044378,1267.6741020053253,1068.8950850044378,1177.6741020053253
950000,1084604.4612031952,300000,650000,0.075,0.3157894736842105,6025.580340017751,271151.1153007988,325381.33836095856,1506.3950850044378,1807.6741020053253,75000.0,90000.0,5000,6000,7000,1193.8950850044378,1357.6741020053253,1131.3950850044378,1267.6741020053253,1068.8950850044378,1177.6741020053253
